﻿ISBN,LCCN,LCCN Source,Classification,Date
9780306406157,TK5102.5 .C52,UCB,TK,2026-04-10
9780134685991,QA76.73.J38 B57 2018,UCB,QA,2026-04-10
9780262033848,QA76.6 .C662 2009,UCB,QA,2026-04-10
9780131103627,QA76.73.C15 K47 1988,UCB,QA,2026-04-10
9780201633610,QA76.64 .D47 1995,UCB,QA,2026-04-10
0306406152,TK5102.5 .C52,UCB,TK,2026-04-10
0131103628,QA76.73.C15 K47 1988,UCB,QA,2026-04-10
0201633612,QA76.64 .D47 1995,UCB,QA,2026-04-10
9780000000002,PR6045.A97 Z62,UCB,PR,2026-04-10
9781234567897,RC280.H47 W46 2017,UAlberta,RC,2026-04-10
0000000000,PR6045.A97 Z62,UCB,PR,2026-04-10
123456789X,RC280.H47 W46 2017,UAlberta,RC,2026-04-10
