ISBN	LCCN	NLMCN	Classification	Source	Date Added
9780132350884	QA76.76.D47 C583 2009		QA	Library of Congress	2026-02-24T05:59:05+00:00
9780131103627	QA76.73.C15 K47 1988		QA	Library of Congress	2026-02-24T05:59:07+00:00
9780201633610	QA76.64 .D47 1995		QA	Library of Congress	2026-02-24T05:59:10+00:00
9780262033848	QA76.6 .C662 2009		QA	Library of Congress	2026-02-24T05:59:12+00:00
9780134685991	QA76.73.J38 B57 2018		QA	Library of Congress	2026-02-24T05:59:13+00:00
9781491957660	QA76.73.P98 M42 2018		QA	Library of Congress	2026-02-24T05:59:15+00:00
9780596007126	QA76.76.D47 H427 2004		QA	Library of Congress	2026-02-24T05:59:17+00:00
9780134494166	QA76.76.D47 M36515 2018		QA	Library of Congress	2026-02-24T05:59:22+00:00
9780134757599	QA76.758 .F682 2019		QA	Library of Congress	2026-02-24T05:59:24+00:00
9781449355739	QA76.73.P98 L877 2013		QA	Library of Congress	2026-02-24T05:59:26+00:00
9781617294945	QA76.73.J38 W342 2019		QA	Library of Congress	2026-02-24T05:59:28+00:00
9780134093413	QH308.2 .C34 2017		QH	Library of Congress	2026-02-24T05:59:30+00:00
9780131177055	QA76.76.A65 F43 2005		QA	Library of Congress	2026-02-24T06:01:27+00:00
9780321751041	QA76.6		QA	OpenLibrary	2026-02-24T06:01:54+00:00
0000000000	BJ1185.R6 U77 2018		BJ	Library of Congress	2026-02-24T06:02:05+00:00
